station_id,latitude,longitude,charging_points
STATION_0001,17.44089831,78.50449406,1.0
STATION_0002,17.44182239,78.50435726,1.0
STATION_0003,17.44182719,78.5043462,1.0
STATION_0004,17.44182719,78.50435324,1.0
STATION_0005,17.44182751,78.50435056,1.0
STATION_0006,17.44182751,78.50435626,1.0
STATION_0007,17.44182847,78.50433748,1.0
STATION_0008,17.44182847,78.50435022,1.0
STATION_0009,17.44182847,78.50435592,1.0
STATION_0010,17.44182879,78.50435324,1.0
STATION_0011,17.44182943,78.50435391,1.0
STATION_0012,17.44183007,78.50435223,1.0
STATION_0013,17.44183039,78.50435123,1.0
STATION_0014,17.44183071,78.50435123,1.0
STATION_0015,17.44183103,78.50435425,1.0
STATION_0016,17.44183103,78.50435928,1.0
STATION_0017,17.44183103,78.50438777,1.0
STATION_0018,17.44183167,78.50433815,1.0
STATION_0019,17.44183167,78.50435525,1.0
STATION_0020,17.44183231,78.50435358,1.0
STATION_0021,17.44183231,78.50435659,1.0
STATION_0022,17.44183295,78.50435626,2.0
STATION_0023,17.44183327,78.50435793,1.0
STATION_0024,17.44183359,78.50435592,1.0
STATION_0025,17.44183359,78.50435626,1.0
STATION_0026,17.44183359,78.50435693,1.0
STATION_0027,17.44183359,78.50435726,1.0
STATION_0028,17.44183423,78.50430463,1.0
STATION_0029,17.44183423,78.50435492,1.0
STATION_0030,17.44183423,78.50435525,1.0
STATION_0031,17.44183423,78.50435559,1.0
STATION_0032,17.44183423,78.50435626,1.0
STATION_0033,17.44183455,78.50435559,1.0
STATION_0034,17.44183455,78.50435726,1.0
STATION_0035,17.44183519,78.50435626,2.0
STATION_0036,17.44183519,78.50435659,1.0
STATION_0037,17.44183551,78.50435592,1.0
STATION_0038,17.44183551,78.5043586,1.0
STATION_0039,17.44183583,78.50435525,1.0
STATION_0040,17.44183615,78.50434117,1.0
STATION_0041,17.44183679,78.5043814,1.0
STATION_0042,17.44183711,78.5043405,1.0
STATION_0043,17.44183711,78.50434184,1.0
STATION_0044,17.44183711,78.50435223,1.0
STATION_0045,17.44183711,78.50435257,1.0
STATION_0046,17.44183711,78.50435726,1.0
STATION_0047,17.44183743,78.50435659,1.0
STATION_0048,17.44183775,78.50433949,1.0
STATION_0049,17.44183775,78.5043519,1.0
STATION_0050,17.44183775,78.50435659,1.0
STATION_0051,17.44183807,78.50435659,1.0
STATION_0052,17.44183935,78.50430999,1.0
STATION_0053,17.44183967,78.50434486,1.0
STATION_0054,17.44183967,78.50435391,1.0
STATION_0055,17.44183999,78.50435592,1.0
STATION_0056,17.44184031,78.50435726,1.0
STATION_0057,17.44184031,78.50435894,1.0
STATION_0058,17.44184095,78.50435022,1.0
STATION_0059,17.44184159,78.50435793,1.0
STATION_0060,17.44184159,78.50435961,1.0
STATION_0061,17.44184255,78.50435425,1.0
STATION_0062,17.44184255,78.50435693,1.0
STATION_0063,17.44184287,78.50437436,1.0
STATION_0064,17.44184319,78.50435995,1.0
STATION_0065,17.44184478,78.50436162,1.0
STATION_0066,17.4418451,78.50430563,1.0
STATION_0067,17.4418451,78.50433882,1.0
STATION_0068,17.4418451,78.50438341,1.0
STATION_0069,17.44184542,78.50433413,1.0
STATION_0070,17.44184542,78.50435559,1.0
STATION_0071,17.44184542,78.50435793,1.0
STATION_0072,17.44184606,78.504312,1.0
STATION_0073,17.44184606,78.50438006,1.0
STATION_0074,17.44184638,78.50434553,1.0
STATION_0075,17.44184638,78.5043586,1.0
STATION_0076,17.44184702,78.50435793,1.0
STATION_0077,17.44184734,78.50438073,1.0
STATION_0078,17.4418483,78.50435894,1.0
STATION_0079,17.44184958,78.50433514,1.0
STATION_0080,17.44184958,78.50434117,1.0
STATION_0081,17.44184958,78.50437604,1.0
STATION_0082,17.4418499,78.50433312,1.0
STATION_0083,17.44185118,78.50434687,1.0
STATION_0084,17.4418515,78.50435056,1.0
STATION_0085,17.4418515,78.50437067,1.0
STATION_0086,17.44185214,78.50428216,1.0
STATION_0087,17.44185246,78.50426439,1.0
STATION_0088,17.44185342,78.50435525,1.0
STATION_0089,17.44185342,78.50436464,1.0
STATION_0090,17.44185502,78.50434486,1.0
STATION_0091,17.44185694,78.50432675,1.0
STATION_0092,17.44185758,78.50433312,1.0
STATION_0093,17.44185918,78.50431401,1.0
STATION_0094,17.44185918,78.50433245,1.0
STATION_0095,17.44185918,78.50433279,1.0
STATION_0096,17.44186046,78.50433547,1.0
STATION_0097,17.44186206,78.504369,1.0
STATION_0098,17.44186238,78.5043861,1.0
STATION_0099,17.4418627,78.50437671,1.0
STATION_0100,17.44186334,78.50433044,1.0
STATION_0101,17.44186366,78.5043985,1.0
STATION_0102,17.44186654,78.50432474,1.0
STATION_0103,17.44186654,78.50435022,1.0
STATION_0104,17.44186845,78.50427914,1.0
STATION_0105,17.44187005,78.50436296,1.0
STATION_0106,17.44187165,78.50431535,1.0
STATION_0107,17.44187229,78.50417957,1.0
STATION_0108,17.44187485,78.50432575,1.0
STATION_0109,17.44187517,78.50427411,1.0
STATION_0110,17.44187613,78.50433916,1.0
STATION_0111,17.44187933,78.50437973,1.0
STATION_0112,17.44188285,78.5043861,1.0
STATION_0113,17.44188861,78.50431938,1.0
STATION_0114,17.44188893,78.50432139,1.0
STATION_0115,17.44189021,78.50433815,1.0
STATION_0116,17.44190268,78.50428753,1.0
STATION_0117,17.44190876,78.50425635,1.0
STATION_0118,17.4419094,78.5044203,1.0
STATION_0119,17.44191228,78.50442365,1.0
STATION_0120,17.44191771,78.50427277,1.0
STATION_0121,17.44193147,78.50443069,1.0
STATION_0122,17.44193946,78.50444108,1.0
STATION_0123,17.4419449,78.50444578,1.0
STATION_0124,17.4419513,78.50436363,1.0
STATION_0125,17.44195162,78.50428283,1.0
STATION_0126,17.44196985,78.504139,1.0
STATION_0127,17.44197305,78.50435022,1.0
STATION_0128,17.44201335,78.5042483,1.0
STATION_0129,17.44202007,78.50437872,1.0
STATION_0130,17.44202039,78.50425065,1.0
STATION_0131,17.4420383,78.50428484,1.0
STATION_0132,17.44207892,78.50452624,1.0
STATION_0133,28.44837806,77.18536053,1.0
STATION_0134,28.4489927,77.18428228,1.0
STATION_0135,28.45340353,77.18618196,1.0
STATION_0136,28.45527623,77.18383033,1.0
STATION_0137,28.45531219,77.18375992,1.0
STATION_0138,28.45879986,77.18461353,1.0
STATION_0139,28.45881401,77.18461756,1.0
STATION_0140,28.4714538,77.1561563,1.0
STATION_0141,28.4714541,77.15614926,1.0
STATION_0142,28.4714541,77.1561563,1.0
STATION_0143,28.47145586,77.1561553,1.0
STATION_0144,28.47145675,77.15615429,1.0
STATION_0145,28.4736265,77.12410055,1.0
STATION_0146,28.47882995,77.12092314,1.0
STATION_0147,28.47901237,77.12812789,1.0
STATION_0148,28.47903064,77.12812856,1.0
STATION_0149,28.48000965,77.18440231,1.0
STATION_0150,28.48024983,77.18431212,1.0
STATION_0151,28.48639005,77.31354766,1.0
STATION_0152,28.48661401,77.31059857,1.0
STATION_0153,28.48829458,77.31854629,1.0
STATION_0154,28.48895731,77.31872767,1.0
STATION_0155,28.49223709,77.1804657,1.0
STATION_0156,28.49246627,77.13665497,1.0
STATION_0157,28.49247128,77.13666938,1.0
STATION_0158,28.49287821,77.24589162,1.0
STATION_0159,28.49385385,77.14354824,1.0
STATION_0160,28.49398704,77.30706811,1.0
STATION_0161,28.49542115,77.23281886,1.0
STATION_0162,28.49610476,77.28793323,1.0
STATION_0163,28.49618874,77.28774145,1.0
STATION_0164,28.49666696,77.24185053,1.0
STATION_0165,28.49670409,77.24190552,1.0
STATION_0166,28.49687853,77.30289023,1.0
STATION_0167,28.4969737,77.18494713,1.0
STATION_0168,28.49708744,77.18489986,1.0
STATION_0169,28.49724301,77.24072099,1.0
STATION_0170,28.49739564,77.24073038,1.0
STATION_0171,28.49741833,77.18487069,1.0
STATION_0172,28.49802589,77.15930176,1.0
STATION_0173,28.49803386,77.3024651,1.0
STATION_0174,28.49809309,77.30231456,1.0
STATION_0175,28.4982466,77.24560596,1.0
STATION_0176,28.49841632,77.30468161,1.0
STATION_0177,28.49855746,77.23728307,1.0
STATION_0178,28.4985716,77.2372653,1.0
STATION_0179,28.49861933,77.31638979,1.0
STATION_0180,28.49887126,77.23810919,1.0
STATION_0181,28.49887892,77.23815009,1.0
STATION_0182,28.49889454,77.23635837,1.0
STATION_0183,28.49890073,77.23803408,1.0
STATION_0184,28.49890691,77.23830599,1.0
STATION_0185,28.49906484,77.23230924,1.0
STATION_0186,28.49919125,77.2256463,1.0
STATION_0187,28.4993866,77.14407932,1.0
STATION_0188,28.49940369,77.14412827,1.0
STATION_0189,28.49940693,77.30068713,1.0
STATION_0190,28.49953776,77.24788684,1.0
STATION_0191,28.49966003,77.31416959,1.0
STATION_0192,28.49968154,77.31418669,1.0
STATION_0193,28.49971071,77.29331475,1.0
STATION_0194,28.49981296,77.23721299,1.0
STATION_0195,28.49996205,77.23281015,1.0
STATION_0196,28.50008668,77.31072396,2.0
STATION_0197,28.50022251,77.32152991,1.0
STATION_0198,28.50023784,77.24637073,1.0
STATION_0199,28.50024903,77.32153159,1.0
STATION_0200,28.50037809,77.32183602,1.0
STATION_0201,28.50039665,77.32179612,1.0
STATION_0202,28.50039783,77.32636627,1.0
STATION_0203,28.5004105,77.29044244,1.0
STATION_0204,28.50045646,77.29036197,1.0
STATION_0205,28.50057226,77.18430474,1.0
STATION_0206,28.50059819,77.24654473,1.0
STATION_0207,28.50075523,77.18436945,1.0
STATION_0208,28.50079648,77.18348969,1.0
STATION_0209,28.50084952,77.18438856,1.0
STATION_0210,28.50106137,77.18359832,1.0
STATION_0211,28.50108052,77.18359664,1.0
STATION_0212,28.50109967,77.28972796,1.0
STATION_0213,28.50116626,77.18301058,1.0
STATION_0214,28.50118394,77.290713,1.0
STATION_0215,28.50119189,77.18369689,1.0
STATION_0216,28.50120191,77.18326908,1.0
STATION_0217,28.50120545,77.18365263,1.0
STATION_0218,28.50121606,77.18377534,1.0
STATION_0219,28.50122489,77.29068115,1.0
STATION_0220,28.50137781,77.2907177,1.0
STATION_0221,28.50152602,77.2871973,1.0
STATION_0222,28.50176085,77.28897091,1.0
STATION_0223,28.50187605,77.2469417,1.0
STATION_0224,28.50187635,77.28917241,1.0
STATION_0225,28.50191347,77.28709705,1.0
STATION_0226,28.50196238,77.28708565,1.0
STATION_0227,28.50197712,77.28542905,1.0
STATION_0228,28.50198743,77.28546392,1.0
STATION_0229,28.50209438,77.28550281,1.0
STATION_0230,28.50211412,77.24689778,1.0
STATION_0231,28.50217659,77.25006782,1.0
STATION_0232,28.50217983,77.25017443,1.0
STATION_0233,28.50286162,77.25150581,1.0
STATION_0234,28.50295119,77.30198901,1.0
STATION_0235,28.50306404,77.2811335,1.0
STATION_0236,28.50308997,77.25151554,1.0
STATION_0237,28.50323552,77.21403301,1.0
STATION_0238,28.5036321,77.30034247,1.0
STATION_0239,28.50373346,77.30050676,1.0
STATION_0240,28.50380093,77.31601764,1.0
STATION_0241,28.50398979,77.31600255,1.0
STATION_0242,28.5040493,77.24132415,1.0
STATION_0243,28.50415655,77.18381457,1.0
STATION_0244,28.50416804,77.31954843,1.0
STATION_0245,28.5041866,77.18371868,1.0
STATION_0246,28.50450658,77.23042198,1.0
STATION_0247,28.50450746,77.23037738,1.0
STATION_0248,28.50457758,77.25828543,1.0
STATION_0249,28.50463563,77.25824889,1.0
STATION_0250,28.50476291,77.27836143,1.0
STATION_0251,28.50476527,77.32119296,1.0
STATION_0252,28.50477381,77.32112557,1.0
STATION_0253,28.50507375,77.32243046,1.0
STATION_0254,28.5052025,77.23803174,1.0
STATION_0255,28.50538753,77.19673611,1.0
STATION_0256,28.50548682,77.1967978,1.0
STATION_0257,28.50573902,77.23678485,1.0
STATION_0258,28.50628085,77.24937379,1.0
STATION_0259,28.50629086,77.24937245,1.0
STATION_0260,28.50763407,77.25122754,1.0
STATION_0261,28.5076983,77.23139863,1.0
STATION_0262,28.50772982,77.18475837,1.0
STATION_0263,28.5077877,77.23187256,1.0
STATION_0264,28.50784502,77.23056413,1.0
STATION_0265,28.50785356,77.18511946,1.0
STATION_0266,28.5079196,77.1850728,1.0
STATION_0267,28.50821359,77.20048953,1.0
STATION_0268,28.50826545,77.33882479,1.0
STATION_0269,28.50828931,77.33421072,1.0
STATION_0270,28.50831819,77.33420737,1.0
STATION_0271,28.50833645,77.33527824,1.0
STATION_0272,28.50837741,77.33504623,1.0
STATION_0273,28.50841247,77.32865386,1.0
STATION_0274,28.50878899,77.19839908,1.0
STATION_0275,28.50881934,77.2512899,1.0
STATION_0276,28.50894927,77.20104273,1.0
STATION_0277,28.50927247,77.32835345,1.0
STATION_0278,28.50938943,77.24941738,1.0
STATION_0279,28.5094348,77.24943683,1.0
STATION_0280,28.50946574,77.32848555,1.0
STATION_0281,28.50948194,77.24941537,1.0
STATION_0282,28.50966461,77.23235115,1.0
STATION_0283,28.50967109,77.23237831,1.0
STATION_0284,28.510291,77.171653,19.0
STATION_0285,28.51050839,77.20055021,1.0
STATION_0286,28.51059501,77.20061693,1.0
STATION_0287,28.51061239,77.20055826,1.0
STATION_0288,28.51062035,77.20034804,1.0
STATION_0289,28.51073701,77.20220681,1.0
STATION_0290,28.5107488,77.2022048,1.0
STATION_0291,28.5107868,77.20227789,1.0
STATION_0292,28.51115979,77.20220346,1.0
STATION_0293,28.5117773,77.20283043,1.0
STATION_0294,28.51181855,77.20276169,1.0
STATION_0295,28.51247936,77.23922465,1.0
STATION_0296,28.51249586,77.23921828,1.0
STATION_0297,28.51263433,77.23777022,1.0
STATION_0298,28.51295398,77.23272432,2.0
STATION_0299,28.51316256,77.23524224,1.0
STATION_0300,28.51321383,77.23511886,1.0
STATION_0301,28.51362215,77.20802654,1.0
STATION_0302,28.51393208,77.23293085,1.0
STATION_0303,28.51395182,77.23289967,1.0
STATION_0304,28.51470189,77.20307384,1.0
STATION_0305,28.51471573,77.20316201,1.0
STATION_0306,28.51479999,77.22959083,1.0
STATION_0307,28.51480117,77.16435112,1.0
STATION_0308,28.51505895,77.23074518,1.0
STATION_0309,28.5150946,77.23093193,1.0
STATION_0310,28.51557686,77.20516361,1.0
STATION_0311,28.51558747,77.20515087,1.0
STATION_0312,28.51609448,77.23732967,1.0
STATION_0313,28.51640381,77.22698539,1.0
STATION_0314,28.5177295,77.23802939,1.0
STATION_0315,28.51836966,77.19934892,1.0
STATION_0316,28.5184,77.1993,1.0
STATION_0317,28.51847012,77.19948236,1.0
STATION_0318,28.51848691,77.23902248,2.0
STATION_0319,28.51868635,77.19948605,1.0
STATION_0320,28.51875852,77.19945353,1.0
STATION_0321,28.51876118,77.1619435,1.0
STATION_0322,28.51885,77.29428,13.0
STATION_0323,28.51917154,77.23975338,1.0
STATION_0324,28.51927053,77.23982379,1.0
STATION_0325,28.52,77.21,2.0
STATION_0326,28.52018759,77.26390768,1.0
STATION_0327,28.52026654,77.20280159,1.0
STATION_0328,28.52027832,77.20288072,1.0
STATION_0329,28.52085189,77.22883679,1.0
STATION_0330,28.52114324,77.25571085,1.0
STATION_0331,28.5217875,77.1837605,6.0
STATION_0332,28.52209092,77.21116103,1.0
STATION_0333,28.5224856,77.0892318,53.0
STATION_0334,28.52277347,77.23515909,1.0
STATION_0335,28.52298056,77.15673599,1.0
STATION_0336,28.52299941,77.15689726,1.0
STATION_0337,28.52301797,77.23569084,1.0
STATION_0338,28.523332,77.195164,1.0
STATION_0339,28.52333701,77.1951573,1.0
STATION_0340,28.52335615,77.19517071,1.0
STATION_0341,28.5234784,77.15759195,1.0
STATION_0342,28.5235111,77.26183198,1.0
STATION_0343,28.52356766,77.15564232,1.0
STATION_0344,28.5236039,77.26192888,1.0
STATION_0345,28.52365044,77.26200934,1.0
STATION_0346,28.52367106,77.26199124,1.0
STATION_0347,28.52390849,77.27610301,1.0
STATION_0348,28.52392263,77.19031189,1.0
STATION_0349,28.52410321,77.19020527,1.0
STATION_0350,28.52417243,77.19037995,1.0
STATION_0351,28.52422929,77.19036084,1.0
STATION_0352,28.52572338,77.25669052,1.0
STATION_0353,28.52580969,77.26032089,1.0
STATION_0354,28.52588068,77.23435745,1.0
STATION_0355,28.52598526,77.28234049,1.0
STATION_0356,28.52609955,77.2824508,1.0
STATION_0357,28.52629839,77.23111566,1.0
STATION_0358,28.52646482,77.23100737,1.0
STATION_0359,28.52648161,77.23593526,1.0
STATION_0360,28.52680564,77.27452118,1.0
STATION_0361,28.52893411,77.29266727,4.0
STATION_0362,28.52893448,77.29266357,1.0
STATION_0363,28.528999,77.29247589,1.0
STATION_0364,28.5290261,77.29254965,1.0
STATION_0365,28.52918958,77.2925587,1.0
STATION_0366,28.52981259,77.24529449,1.0
STATION_0367,28.53049088,77.20983887,1.0
STATION_0368,28.53049273,77.26201136,1.0
STATION_0369,28.53103148,77.26205159,1.0
STATION_0370,28.53168982,77.25620437,1.0
STATION_0371,28.5316907,77.25620706,1.0
STATION_0372,28.5316907,77.25621041,1.0
STATION_0373,28.531691,77.25621108,1.0
STATION_0374,28.53169335,77.2562141,1.0
STATION_0375,28.53220795,77.26577885,1.0
STATION_0376,28.53261502,77.31140256,1.0
STATION_0377,28.53261797,77.26171698,1.0
STATION_0378,28.53290427,77.25645751,1.0
STATION_0379,28.53302593,77.25646757,1.0
STATION_0380,28.53362,77.24257,6.0
STATION_0381,28.5337034,77.27648724,1.0
STATION_0382,28.53370428,77.27648892,1.0
STATION_0383,28.5337791,77.30932552,1.0
STATION_0384,28.53379383,77.30931144,1.0
STATION_0385,28.53388484,77.30916459,1.0
STATION_0386,28.53429633,77.21930254,1.0
STATION_0387,28.53438528,77.27616873,1.0
STATION_0388,28.53457674,77.27617677,1.0
STATION_0389,28.53469014,77.05801629,1.0
STATION_0390,28.53550427,77.29138121,14.0
STATION_0391,28.53595523,77.22838651,1.0
STATION_0392,28.5360962,77.2231022,1.0
STATION_0393,28.53636612,77.05915153,1.0
STATION_0394,28.53655315,77.27581803,1.0
STATION_0395,28.53655728,77.27582507,1.0
STATION_0396,28.53656906,77.27583043,1.0
STATION_0397,28.53657789,77.27583479,2.0
STATION_0398,28.53728038,77.21728686,1.0
STATION_0399,28.53733063,77.20365143,1.0
STATION_0400,28.53744974,77.26670288,1.0
STATION_0401,28.53746594,77.26696104,1.0
STATION_0402,28.53751513,77.13064615,1.0
STATION_0403,28.53754134,77.26333939,1.0
STATION_0404,28.53819198,77.21365381,1.0
STATION_0405,28.53834161,77.266667,1.0
STATION_0406,28.53841348,77.2666841,1.0
STATION_0407,28.53857047,77.21890792,1.0
STATION_0408,28.5386656,77.2669861,6.0
STATION_0409,28.53889122,77.26274762,1.0
STATION_0410,28.53890889,77.26274628,1.0
STATION_0411,28.5389301,77.26272047,1.0
STATION_0412,28.53899696,77.26569805,1.0
STATION_0413,28.53902641,77.26561524,1.0
STATION_0414,28.53924879,77.02948295,1.0
STATION_0415,28.53946881,77.27884959,1.0
STATION_0416,28.53952506,77.21286122,1.0
STATION_0417,28.53957189,77.2788972,1.0
STATION_0418,28.53957719,77.21367661,1.0
STATION_0419,28.53984905,77.21320588,1.0
STATION_0420,28.53991738,77.13113431,1.0
STATION_0421,28.53991944,77.13111687,1.0
STATION_0422,28.54013092,77.25761689,1.0
STATION_0423,28.54018394,77.27666628,1.0
STATION_0424,28.54021162,77.25771077,1.0
STATION_0425,28.5403206,77.2180694,1.0
STATION_0426,28.54042487,77.21811399,1.0
STATION_0427,28.54080305,77.13007953,1.0
STATION_0428,28.54081331,77.11672877,1.0
STATION_0429,28.54131435,77.27578182,1.0
STATION_0430,28.54132462,77.27557373,1.0
STATION_0431,28.5413247,77.2755771,5.0
STATION_0432,28.54138916,77.27565978,1.0
STATION_0433,28.54153761,77.26296119,2.0
STATION_0434,28.54160829,77.26296321,1.0
STATION_0435,28.541995,77.260583,3.0
STATION_0436,28.54248128,77.26473078,1.0
STATION_0437,28.542604,77.046051,20.0
STATION_0438,28.54274105,77.26492893,1.0
STATION_0439,28.54274812,77.12898184,1.0
STATION_0440,28.54300377,77.26361196,1.0
STATION_0441,28.54309978,77.26375949,1.0
STATION_0442,28.5435,77.2576,13.0
STATION_0443,28.54366439,77.03290679,1.0
STATION_0444,28.54369119,77.25054055,1.0
STATION_0445,28.54369325,77.25056972,1.0
STATION_0446,28.5436959,77.03286488,1.0
STATION_0447,28.54372064,77.25058012,1.0
STATION_0448,28.54460392,77.25091036,1.0
STATION_0449,28.54461393,77.25089863,1.0
STATION_0450,28.544785,77.121449,1.0
STATION_0451,28.54488,77.20691,7.0
STATION_0452,28.54498974,76.97707728,1.0
STATION_0453,28.546273,77.19711,2.0
STATION_0454,28.547217,77.244324,8.0
STATION_0455,28.5476707,77.2507293,14.0
STATION_0456,28.548602,77.2549629,6.0
STATION_0457,28.54898661,77.2674093,1.0
STATION_0458,28.549427,77.254636,1.0
STATION_0459,28.54972288,77.27185473,1.0
STATION_0460,28.55,77.16,4.0
STATION_0461,28.55012488,77.28851493,1.0
STATION_0462,28.55036991,77.28855819,1.0
STATION_0463,28.55205918,77.20325422,2.0
STATION_0464,28.55353815,76.95284486,1.0
STATION_0465,28.55406559,77.17817791,1.0
STATION_0466,28.55421991,77.17812493,1.0
STATION_0467,28.55437452,77.1824168,1.0
STATION_0468,28.55440161,77.18232125,1.0
STATION_0469,28.55446993,77.19563012,13.0
STATION_0470,28.55449408,77.18230449,1.0
STATION_0471,28.55476,77.08831,9.0
STATION_0472,28.55589292,77.23806258,1.0
STATION_0473,28.55631139,77.23722909,1.0
STATION_0474,28.55667773,77.2326006,16.0
STATION_0475,28.55676785,77.27322768,1.0
STATION_0476,28.55743457,77.29239777,1.0
STATION_0477,28.55743722,77.29258418,1.0
STATION_0478,28.558244,77.16444,4.0
STATION_0479,28.55828533,77.23865703,1.0
STATION_0480,28.558938,77.19631,2.0
STATION_0481,28.55933163,77.05059595,1.0
STATION_0482,28.5594182,77.05042396,1.0
STATION_0483,28.55984019,77.20657613,1.0
STATION_0484,28.56038969,77.20661636,1.0
STATION_0485,28.56053734,77.28447723,1.0
STATION_0486,28.56069271,77.24801425,1.0
STATION_0487,28.56083347,77.27116305,1.0
STATION_0488,28.5608638,77.24808432,1.0
STATION_0489,28.56088029,77.27132432,1.0
STATION_0490,28.56089796,77.27127302,1.0
STATION_0491,28.56091881,77.28561401,1.0
STATION_0492,28.56101428,77.25686688,1.0
STATION_0493,28.56113766,77.00235307,1.0
STATION_0494,28.561335,77.269157,3.0
STATION_0495,28.56237857,77.28726167,1.0
STATION_0496,28.56239128,77.28734589,1.0
STATION_0497,28.56239506,77.28739042,1.0
STATION_0498,28.56239891,77.28736115,1.0
STATION_0499,28.5624198,77.28730861,2.0
STATION_0500,28.56242245,77.28733107,1.0
STATION_0501,28.56242752,77.287323,1.0
STATION_0502,28.56243099,77.28730626,1.0
STATION_0503,28.56243134,77.28741455,1.0
STATION_0504,28.562436,77.28738874,1.0
STATION_0505,28.56244469,77.28736115,1.0
STATION_0506,28.5624463,77.28725664,1.0
STATION_0507,28.5624485,77.28730774,1.0
STATION_0508,28.56245613,77.2873764,1.0
STATION_0509,28.5624569,77.28736963,1.0
STATION_0510,28.56245804,77.28735352,1.0
STATION_0511,28.5624733,77.28734589,2.0
STATION_0512,28.5624752,77.28738403,1.0
STATION_0513,28.56247545,77.28728045,1.0
STATION_0514,28.56247711,77.28733826,1.0
STATION_0515,28.56250549,77.29123905,1.0
STATION_0516,28.56253815,77.28739166,1.0
STATION_0517,28.56281281,77.24667358,1.0
STATION_0518,28.563934,77.075813,2.0
STATION_0519,28.566029,77.284478,2.0
STATION_0520,28.56605323,77.17161857,1.0
STATION_0521,28.56640098,77.28261374,1.0
STATION_0522,28.56777846,77.24960044,1.0
STATION_0523,28.56793,77.242612,2.0
STATION_0524,28.568238,77.219666,10.0
STATION_0525,28.568917,77.186861,138.0
STATION_0526,28.56893892,77.18709687,1.0
STATION_0527,28.5689395,77.18709822,1.0
STATION_0528,28.56909438,77.24766489,1.0
STATION_0529,28.569119,77.244011,2.0
STATION_0530,28.56929284,77.24654775,1.0
STATION_0531,28.56962499,77.24686492,1.0
STATION_0532,28.5697722,77.2485642,3.0
STATION_0533,28.56997892,77.25379944,1.0
STATION_0534,28.57000395,77.25383967,1.0
STATION_0535,28.571189,77.259806,2.0
STATION_0536,28.57122296,77.25435667,1.0
STATION_0537,28.57139433,77.25524716,1.0
STATION_0538,28.57140375,77.25446966,1.0
STATION_0539,28.57141759,77.25519687,1.0
STATION_0540,28.571502,77.282928,1.0
STATION_0541,28.571535,77.244758,1.0
STATION_0542,28.57157159,77.25513652,1.0
STATION_0543,28.57236453,77.26886138,1.0
STATION_0544,28.572632,77.16968,4.0
STATION_0545,28.57274201,77.26888452,1.0
STATION_0546,28.572793,77.208662,14.0
STATION_0547,28.57334679,77.07904078,1.0
STATION_0548,28.5733477,77.2372255,6.0
STATION_0549,28.57358529,77.2580209,1.0
STATION_0550,28.57420715,77.22820714,1.0
STATION_0551,28.57473655,77.23900471,1.0
STATION_0552,28.57474302,77.23903053,1.0
STATION_0553,28.57484696,77.22774748,1.0
STATION_0554,28.57485226,77.24111829,1.0
STATION_0555,28.57487316,77.22766165,1.0
STATION_0556,28.57487994,77.22757917,1.0
STATION_0557,28.57499241,77.22845424,1.0
STATION_0558,28.57513404,77.23896883,1.0
STATION_0559,28.5763216,77.0696494,6.0
STATION_0560,28.57646311,77.25557674,1.0
STATION_0561,28.57648402,77.25562938,1.0
STATION_0562,28.57662034,77.04787821,1.0
STATION_0563,28.5769557,77.25888323,1.0
STATION_0564,28.57711557,77.23936513,2.0
STATION_0565,28.577259,77.19692,2.0
STATION_0566,28.5772993,77.26176191,1.0
STATION_0567,28.57735112,77.26193156,1.0
STATION_0568,28.577999,77.209521,2.0
STATION_0569,28.57801771,77.031103,1.0
STATION_0570,28.57811928,77.03121062,1.0
STATION_0571,28.57884328,77.25910384,1.0
STATION_0572,28.57886212,77.25911893,1.0
STATION_0573,28.57913535,77.21570268,1.0
STATION_0574,28.57914153,77.21572246,1.0
STATION_0575,28.5791538,77.188127,11.0
STATION_0576,28.58025651,77.08780691,1.0
STATION_0577,28.58047174,77.07723062,1.0
STATION_0578,28.580532,77.221048,2.0
STATION_0579,28.58107736,77.22719863,14.0
STATION_0580,28.58210164,77.26404246,2.0
STATION_0581,28.58302581,77.08792258,1.0
STATION_0582,28.5831215,77.07573261,1.0
STATION_0583,28.58315,77.18098,6.0
STATION_0584,28.583518,77.222057,2.0
STATION_0585,28.58375448,77.07551301,1.0
STATION_0586,28.5841269,77.0719511,1.0
STATION_0587,28.584365,77.22054,2.0
STATION_0588,28.58442339,77.07323983,1.0
STATION_0589,28.58446195,77.24786203,1.0
STATION_0590,28.58457619,77.08777271,1.0
STATION_0591,28.58516,77.07723901,1.0
STATION_0592,28.58519474,77.077181,1.0
STATION_0593,28.585298,77.191008,2.0
STATION_0594,28.585367,77.17755,4.0
STATION_0595,28.585492,77.191634,2.0
STATION_0596,28.58551358,77.07506407,1.0
STATION_0597,28.586638,77.193352,4.0
STATION_0598,28.58673007,77.07741737,1.0
STATION_0599,28.58688934,77.07229838,1.0
STATION_0600,28.58733006,77.03717485,1.0
STATION_0601,28.58745901,77.03715842,1.0
STATION_0602,28.58746902,77.03715675,1.0
STATION_0603,28.58785056,77.08646044,1.0
STATION_0604,28.588117,77.217564,2.0
STATION_0605,28.58821621,77.25517508,1.0
STATION_0606,28.58826184,77.08286226,1.0
STATION_0607,28.58841993,76.99694842,1.0
STATION_0608,28.588991,77.25324,4.0
STATION_0609,28.58952304,77.0797348,1.0
STATION_0610,28.58959752,77.07969524,1.0
STATION_0611,28.58985365,77.07563974,1.0
STATION_0612,28.58988132,77.0810692,1.0
STATION_0613,28.58989839,77.08189968,1.0
STATION_0614,28.59003264,77.08137799,1.0
STATION_0615,28.59024431,77.07306448,1.0
STATION_0616,28.59031055,77.2201632,4.0
STATION_0617,28.590322,77.22021,12.0
STATION_0618,28.59035264,77.08150003,1.0
STATION_0619,28.59055401,77.03421772,1.0
STATION_0620,28.59056402,77.04369966,1.0
STATION_0621,28.59057049,77.04371743,1.0
STATION_0622,28.59073064,77.0829672,1.0
STATION_0623,28.59074,77.29687,5.0
STATION_0624,28.59075478,77.03435585,1.0
STATION_0625,28.59095497,77.06554357,1.0
STATION_0626,28.59109,77.08861,1.0
STATION_0627,28.59129882,77.03422543,1.0
STATION_0628,28.59193441,77.05855004,12.0
STATION_0629,28.59198534,77.16230996,1.0
STATION_0630,28.59211693,77.04188313,9.0
STATION_0631,28.59243104,77.162604,1.0
STATION_0632,28.59266449,77.16256913,1.0
STATION_0633,28.5927478,77.16263518,1.0
STATION_0634,28.592788,77.2567,3.0
STATION_0635,28.59432571,77.30226193,1.0
STATION_0636,28.59433071,77.30226193,1.0
STATION_0637,28.59433807,77.30225723,1.0
STATION_0638,28.59433984,77.30222102,1.0
STATION_0639,28.59461332,77.04744805,1.0
STATION_0640,28.59482086,77.02266008,1.0
STATION_0641,28.59566102,77.18169261,6.0
STATION_0642,28.59576258,77.29947176,1.0
STATION_0643,28.59593803,77.04694211,1.0
STATION_0644,28.5959554,77.04625379,1.0
STATION_0645,28.59602781,77.0465371,1.0
STATION_0646,28.5960599,76.9903532,1.0
STATION_0647,28.59612731,76.99037164,1.0
STATION_0648,28.5961909,76.99040785,1.0
STATION_0649,28.596298,77.03701,5.0
STATION_0650,28.5964579,77.03811161,1.0
STATION_0651,28.59652737,76.99053593,1.0
STATION_0652,28.5969969,77.04886895,1.0
STATION_0653,28.59702251,77.04891186,1.0
STATION_0654,28.59728598,77.07489341,1.0
STATION_0655,28.59794979,77.03965154,1.0
STATION_0656,28.59797039,77.03961466,1.0
STATION_0657,28.59801337,76.98106807,1.0
STATION_0658,28.59801573,76.98106639,1.0
STATION_0659,28.59802014,76.98106706,1.0
STATION_0660,28.59808932,77.05063082,1.0
STATION_0661,28.5981376,77.29349982,1.0
STATION_0662,28.59815497,77.29343042,1.0
STATION_0663,28.599304,77.0648046,6.0
STATION_0664,28.59949023,77.03106444,1.0
STATION_0665,28.59953497,77.05194443,1.0
STATION_0666,28.5998735,77.06503864,1.0
STATION_0667,28.59991618,76.99908983,1.0
STATION_0668,28.6001517,77.2157617,2.0
STATION_0669,28.600234,77.2135299,2.0
STATION_0670,28.600277,77.21565,6.0
STATION_0671,28.600324,77.226883,4.0
STATION_0672,28.600735,77.226277,2.0
STATION_0673,28.601013,77.2133,3.0
STATION_0674,28.60103683,77.14823306,1.0
STATION_0675,28.601118,77.2136033,2.0
STATION_0676,28.6012891,77.08398409,1.0
STATION_0677,28.60137,77.21298,12.0
STATION_0678,28.60137,77.22282,12.0
STATION_0679,28.60137122,77.08404277,1.0
STATION_0680,28.60149574,77.03861117,1.0
STATION_0681,28.60154284,77.0388519,1.0
STATION_0682,28.60175919,77.03332655,1.0
STATION_0683,28.601809,77.186432,4.0
STATION_0684,28.60232584,77.30537999,1.0
STATION_0685,28.6033399,77.03492448,1.0
STATION_0686,28.60337287,76.98919885,1.0
STATION_0687,28.60398896,77.03531977,1.0
STATION_0688,28.60492383,76.98198371,1.0
STATION_0689,28.60502156,77.07247037,1.0
STATION_0690,28.60532356,77.05412474,1.0
STATION_0691,28.60541916,77.09593201,1.0
STATION_0692,28.60543895,77.33382918,1.0
STATION_0693,28.60546132,77.33389691,1.0
STATION_0694,28.60554462,77.05436815,1.0
STATION_0695,28.60561026,76.96794871,1.0
STATION_0696,28.60564146,77.30629731,1.0
STATION_0697,28.6057202,77.1038872,1.0
STATION_0698,28.60623369,76.98606133,1.0
STATION_0699,28.60635232,77.02569801,1.0
STATION_0700,28.60638852,77.02569533,1.0
STATION_0701,28.60655453,77.30168458,1.0
STATION_0702,28.60662488,77.30179254,1.0
STATION_0703,28.60663312,77.0347954,1.0
STATION_0704,28.60663842,77.03461837,1.0
STATION_0705,28.60680885,76.98606066,1.0
STATION_0706,28.6068115,76.9879305,1.0
STATION_0707,28.60684859,76.98597718,1.0
STATION_0708,28.60686007,77.08145678,2.0
STATION_0709,28.60687949,76.9860087,1.0
STATION_0710,28.6069937,77.07435295,1.0
STATION_0711,28.607048,77.108787,1.0
STATION_0712,28.60705227,77.03438368,1.0
STATION_0713,28.60707288,77.03464855,1.0
STATION_0714,28.60725508,77.08148293,1.0
STATION_0715,28.60725685,77.08149232,1.0
STATION_0716,28.60726185,77.08150338,1.0
STATION_0717,28.60745612,77.08186783,1.0
STATION_0718,28.60822877,76.99666444,1.0
STATION_0719,28.60826321,76.99657056,1.0
STATION_0720,28.60837948,77.09207933,1.0
STATION_0721,28.60851605,77.3398665,1.0
STATION_0722,28.60860318,77.33818844,1.0
STATION_0723,28.60861642,76.99548226,1.0
STATION_0724,28.60861907,76.99545041,1.0
STATION_0725,28.60865469,77.04941545,1.0
STATION_0726,28.6086865,77.0494577,7.0
STATION_0727,28.6087,77.06639,4.0
STATION_0728,28.60870855,77.04949088,1.0
STATION_0729,28.60873504,77.33991142,1.0
STATION_0730,28.60875918,77.04942584,1.0
STATION_0731,28.60900554,77.05014065,1.0
STATION_0732,28.60900996,77.29366075,1.0
STATION_0733,28.60901084,77.04938427,1.0
STATION_0734,28.60909561,77.03400515,1.0
STATION_0735,28.60914771,77.03408461,1.0
STATION_0736,28.60923896,77.04978995,1.0
STATION_0737,28.60930224,77.03429952,1.0
STATION_0738,28.6093093,77.03431293,1.0
STATION_0739,28.61,76.93,4.0
STATION_0740,28.61,77.03,4.0
STATION_0741,28.61,77.3,2.0
STATION_0742,28.61000424,77.29660247,1.0
STATION_0743,28.610079,77.29672082,1.0
STATION_0744,28.610622,77.094787,14.0
STATION_0745,28.61102147,77.08443034,1.0
STATION_0746,28.61153803,77.29190826,1.0
STATION_0747,28.61175,77.05972,1.0
STATION_0748,28.61209373,77.062914,1.0
STATION_0749,28.61227651,77.05457468,1.0
STATION_0750,28.61239571,77.05437921,1.0
STATION_0751,28.61255436,77.33939074,1.0
STATION_0752,28.61255848,76.99394602,1.0
STATION_0753,28.61278335,76.97954357,1.0
STATION_0754,28.61338731,76.96497314,1.0
STATION_0755,28.61372873,77.10687239,1.0
STATION_0756,28.61378966,77.03272305,1.0
STATION_0757,28.61384764,77.0327197,1.0
STATION_0758,28.61389003,77.03274518,1.0
STATION_0759,28.61392976,77.00504031,1.0
STATION_0760,28.61396802,77.10668866,1.0
STATION_0761,28.61420761,77.10724957,1.0
STATION_0762,28.61421967,77.10705712,1.0
STATION_0763,28.61421997,77.10698269,1.0
STATION_0764,28.61431091,77.31077392,1.0
STATION_0765,28.6143948,77.10723147,1.0
STATION_0766,28.61439774,77.02651843,1.0
STATION_0767,28.61441893,77.32622478,1.0
STATION_0768,28.61458258,77.3374619,1.0
STATION_0769,28.61465027,77.04803109,1.0
STATION_0770,28.61491575,77.33798057,1.0
STATION_0771,28.61501259,77.33817302,1.0
STATION_0772,28.61505968,77.03256514,1.0
STATION_0773,28.61636487,77.03308324,1.0
STATION_0774,28.61656249,77.00809903,1.0
STATION_0775,28.61658309,77.02734657,1.0
STATION_0776,28.6166,77.02406,3.0
STATION_0777,28.61662695,77.02727515,1.0
STATION_0778,28.6166449,77.02731606,1.0
STATION_0779,28.61685181,77.03235526,1.0
STATION_0780,28.6168571,77.03244846,1.0
STATION_0781,28.61686328,77.03235794,1.0
STATION_0782,28.61687447,77.03236297,1.0
STATION_0783,28.61727592,77.0322483,1.0
STATION_0784,28.61727916,77.28675641,1.0
STATION_0785,28.617517,77.213919,2.0
STATION_0786,28.617997,77.03247964,1.0
STATION_0787,28.61806145,77.03239113,1.0
STATION_0788,28.61817712,77.21258998,28.0
STATION_0789,28.61824187,77.03237839,1.0
STATION_0790,28.61844347,77.01339573,1.0
STATION_0791,28.61855502,77.01338097,1.0
STATION_0792,28.6186907,77.02566985,1.0
STATION_0793,28.61892527,77.02555787,1.0
STATION_0794,28.61894911,77.02536911,1.0
STATION_0795,28.61896029,77.03536972,1.0
STATION_0796,28.61901621,77.01450683,1.0
STATION_0797,28.61904623,77.0254137,1.0
STATION_0798,28.61907125,77.02543147,1.0
STATION_0799,28.6191513,77.01351207,1.0
STATION_0800,28.61918662,77.01351508,1.0
STATION_0801,28.61926225,77.07267489,1.0
STATION_0802,28.61928698,77.02931732,1.0
STATION_0803,28.61930316,77.02546466,1.0
STATION_0804,28.6194153,77.02723157,1.0
STATION_0805,28.61942795,77.02723291,1.0
STATION_0806,28.61949211,77.02558234,1.0
STATION_0807,28.61950918,77.02602256,1.0
STATION_0808,28.61978436,77.02557497,1.0
STATION_0809,28.61986324,77.02513911,1.0
STATION_0810,28.61990179,77.0251143,1.0
STATION_0811,28.61991857,77.04159278,1.0
STATION_0812,28.6199586,77.04359472,1.0
STATION_0813,28.61997243,77.03999285,1.0
STATION_0814,28.61999686,77.04063691,1.0
STATION_0815,28.62,77.24,3.0
STATION_0816,28.62006543,77.04000056,1.0
STATION_0817,28.6201049,77.2479307,7.0
STATION_0818,28.62021141,77.04068687,1.0
STATION_0819,28.62022907,77.04180468,1.0
STATION_0820,28.62025202,77.04174902,1.0
STATION_0821,28.62053692,77.04770386,1.0
STATION_0822,28.62067671,77.04003174,1.0
STATION_0823,28.62114025,77.06898116,1.0
STATION_0824,28.62143,77.05544,3.0
STATION_0825,28.6215,77.2935,3.0
STATION_0826,28.62156346,77.03970317,1.0
STATION_0827,28.62158612,77.03972664,1.0
STATION_0828,28.62159436,77.05460586,1.0
STATION_0829,28.621724,77.219286,1.0
STATION_0830,28.62189161,77.03249473,1.0
STATION_0831,28.62203994,77.19486661,4.0
STATION_0832,28.62213853,76.98818531,1.0
STATION_0833,28.62216679,76.98819872,1.0
STATION_0834,28.62230629,77.0679884,1.0
STATION_0835,28.62232748,77.06790324,1.0
STATION_0836,28.62243814,77.03936454,1.0
STATION_0837,28.622656,77.210994,1.0
STATION_0838,28.62277129,77.28353407,1.0
STATION_0839,28.62309531,77.039731,1.0
STATION_0840,28.62312886,77.03970753,1.0
STATION_0841,28.62313681,77.03971826,1.0
STATION_0842,28.62327925,77.03470387,1.0
STATION_0843,28.62333576,77.03858703,1.0
STATION_0844,28.62334341,77.08461341,1.0
STATION_0845,28.6241442,77.28494525,1.0
STATION_0846,28.62421,77.06497,3.0
STATION_0847,28.62421989,77.03128815,1.0
STATION_0848,28.624419,77.213718,1.0
STATION_0849,28.62497824,77.05583464,1.0
STATION_0850,28.62500708,77.14047845,2.0
STATION_0851,28.62501032,77.14046739,1.0
STATION_0852,28.62526165,77.2956647,1.0
STATION_0853,28.62528843,77.05602173,1.0
STATION_0854,28.62539114,77.28588603,1.0
STATION_0855,28.62575342,77.19453,4.0
STATION_0856,28.6260376,77.1221717,1.0
STATION_0857,28.62603947,77.2755954,1.0
STATION_0858,28.62623635,77.27559675,1.0
STATION_0859,28.62669398,77.02708203,1.0
STATION_0860,28.626695,77.231943,2.0
STATION_0861,28.626722,77.065972,20.0
STATION_0862,28.62709999,77.03813934,1.0
STATION_0863,28.627159,77.374755,21.0
STATION_0864,28.627291,77.23179,12.0
STATION_0865,28.627546,77.219769,2.0
STATION_0866,28.62766514,77.14761246,1.0
STATION_0867,28.62773165,77.03227948,1.0
STATION_0868,28.62783936,77.03977525,1.0
STATION_0869,28.62792176,77.03092296,1.0
STATION_0870,28.62797385,77.03846566,1.0
STATION_0871,28.62798915,77.03985035,1.0
STATION_0872,28.62808744,77.03130651,1.0
STATION_0873,28.62844824,77.09905576,1.0
STATION_0874,28.62848443,76.99679956,1.0
STATION_0875,28.6285,77.217046,2.0
STATION_0876,28.62851975,76.99675228,1.0
STATION_0877,28.628528,77.21946,2.0
STATION_0878,28.62854388,77.27794636,1.0
STATION_0879,28.62856154,77.27796849,1.0
STATION_0880,28.62856978,76.99669864,1.0
STATION_0881,28.6286602,77.31881714,1.0
STATION_0882,28.62866424,77.31873874,1.0
STATION_0883,28.62866592,77.31869507,1.0
STATION_0884,28.62869485,76.99691389,1.0
STATION_0885,28.62870515,77.31875617,1.0
STATION_0886,28.62870598,77.31876373,1.0
STATION_0887,28.62870633,77.31871393,1.0
STATION_0888,28.62870839,77.31869817,1.0
STATION_0889,28.62871933,77.31866455,1.0
STATION_0890,28.62871933,77.31871796,1.0
STATION_0891,28.6288673,77.30016176,1.0
STATION_0892,28.62903122,77.27398206,1.0
STATION_0893,28.62904417,77.27394015,1.0
STATION_0894,28.62904564,77.27397367,1.0
STATION_0895,28.6295,77.10985,4.0
STATION_0896,28.62957976,77.03304995,1.0
STATION_0897,28.62962185,77.03267343,1.0
STATION_0898,28.629953,77.09085,3.0
STATION_0899,28.630256,77.225668,2.0
STATION_0900,28.6304682,77.03137591,1.0
STATION_0901,28.63096112,77.03526814,1.0
STATION_0902,28.631121,77.221654,1.0
STATION_0903,28.631584,77.2219,2.0
STATION_0904,28.63188575,77.06206173,1.0
STATION_0905,28.63242,77.218068,2.0
STATION_0906,28.63279918,77.28075229,1.0
STATION_0907,28.63287952,77.02966802,1.0
STATION_0908,28.63290218,77.08760172,1.0
STATION_0909,28.63291365,77.08643865,1.0
STATION_0910,28.632973,77.222937,2.0
STATION_0911,28.63317938,77.08818007,1.0
STATION_0912,28.63318645,77.00214084,1.0
STATION_0913,28.6332,77.08785,3.0
STATION_0914,28.6336,77.09,2.0
STATION_0915,28.633614,77.207691,2.0
STATION_0916,28.63363,77.221949,2.0
STATION_0917,28.63363668,77.01689299,1.0
STATION_0918,28.63369877,77.00290695,1.0
STATION_0919,28.633733,77.22353,2.0
STATION_0920,28.633841,77.217664,2.0
STATION_0921,28.633867,77.22191,2.0
STATION_0922,28.63388,77.221078,3.0
STATION_0923,28.633924,77.048423,1.0
STATION_0924,28.6339492,77.04191532,1.0
STATION_0925,28.63399187,77.0420092,1.0
STATION_0926,28.63407,77.217683,2.0
STATION_0927,28.634137,77.220382,2.0
STATION_0928,28.634371,77.2195,2.0
STATION_0929,28.634388,77.221038,2.0
STATION_0930,28.634422,77.220852,1.0
STATION_0931,28.63446829,77.03949597,1.0
STATION_0932,28.63491,77.219522,2.0
STATION_0933,28.63543892,77.01615906,1.0
STATION_0934,28.63590874,77.07322273,1.0
STATION_0935,28.63758751,77.06483044,1.0
STATION_0936,28.63775877,77.0678848,1.0
STATION_0937,28.63777172,77.06784289,1.0
STATION_0938,28.63810629,77.06556302,1.0
STATION_0939,28.63866234,77.28507233,1.0
STATION_0940,28.63868186,77.06523847,1.0
STATION_0941,28.6389773,77.05069788,1.0
STATION_0942,28.63918887,77.18279466,1.0
STATION_0943,28.63918975,77.18279265,1.0
STATION_0944,28.63919152,77.18276516,1.0
STATION_0945,28.63919387,77.18271855,1.0
STATION_0946,28.63929156,77.28382677,1.0
STATION_0947,28.63938985,77.28389114,1.0
STATION_0948,28.63939367,77.2838898,1.0
STATION_0949,28.63944487,77.28384722,1.0
STATION_0950,28.6394537,77.283867,1.0
STATION_0951,28.63953903,77.2841426,1.0
STATION_0952,28.63993073,77.10559082,1.0
STATION_0953,28.64,77.1,3.0
STATION_0954,28.6400192,77.2562301,15.0
STATION_0955,28.64042474,77.06393324,1.0
STATION_0956,28.64059864,77.06595093,1.0
STATION_0957,28.64083228,77.05586247,1.0
STATION_0958,28.64089319,77.04854507,1.0
STATION_0959,28.64089525,77.04862721,1.0
STATION_0960,28.64093321,77.05582961,1.0
STATION_0961,28.6418036,77.04763446,1.0
STATION_0962,28.64183067,77.12244295,1.0
STATION_0963,28.641896,77.12255325,1.0
STATION_0964,28.64190424,77.04773001,1.0
STATION_0965,28.6420269,77.03659821,1.0
STATION_0966,28.64211315,77.02870309,1.0
STATION_0967,28.64217171,77.31475599,1.0
STATION_0968,28.64253157,77.05550674,1.0
STATION_0969,28.6427,77.2247,4.0
STATION_0970,28.64273,77.17751,3.0
STATION_0971,28.64276285,77.03457177,1.0
STATION_0972,28.64281464,77.06961952,1.0
STATION_0973,28.64303415,77.07123253,1.0
STATION_0974,28.64346886,77.08109283,1.0
STATION_0975,28.64365648,77.13695336,1.0
STATION_0976,28.64384626,77.27812976,1.0
STATION_0977,28.64386539,77.28519335,1.0
STATION_0978,28.64389,77.127124,3.0
STATION_0979,28.64399044,77.14599609,1.0
STATION_0980,28.64399544,77.14614496,1.0
STATION_0981,28.64419556,77.27931213,1.0
STATION_0982,28.64422989,77.10652161,1.0
STATION_0983,28.64449213,77.14619491,1.0
STATION_0984,28.64476695,77.27923751,1.0
STATION_0985,28.64476967,77.03697968,1.0
STATION_0986,28.64481873,77.27926835,1.0
STATION_0987,28.64483374,77.0369425,1.0
STATION_0988,28.6453,77.2126,2.0
STATION_0989,28.64597362,77.03326888,1.0
STATION_0990,28.64617577,77.03356192,1.0
STATION_0991,28.64646118,77.03424554,1.0
STATION_0992,28.64650178,77.11360272,1.0
STATION_0993,28.64650914,77.03276899,1.0
STATION_0994,28.64670753,77.28715515,1.0
STATION_0995,28.64678925,77.28897192,1.0
STATION_0996,28.64683839,77.28897762,1.0
STATION_0997,28.6471,77.3158,4.0
STATION_0998,28.64711614,77.27889687,1.0
STATION_0999,28.64720912,77.27888614,1.0
STATION_1000,28.64747688,77.03565404,1.0
STATION_1001,28.64747952,77.03568891,1.0
STATION_1002,28.647521,77.119354,2.0
STATION_1003,28.64756926,77.09507804,1.0
STATION_1004,28.64758162,77.0950767,1.0
STATION_1005,28.64777788,77.27927472,1.0
STATION_1006,28.64796501,77.07215991,1.0
STATION_1007,28.64802209,77.27931261,1.0
STATION_1008,28.64802562,77.07223736,1.0
STATION_1009,28.64815214,77.29002066,1.0
STATION_1010,28.64818097,77.02425364,1.0
STATION_1011,28.64818774,77.10388575,1.0
STATION_1012,28.64825541,77.09636517,1.0
STATION_1013,28.64863026,77.16149691,1.0
STATION_1014,28.6486691,77.28141949,1.0
STATION_1015,28.64871,77.28122402,1.0
STATION_1016,28.64878032,77.28157271,1.0
STATION_1017,28.64892773,77.28151336,1.0
STATION_1018,28.64914075,77.0411291,1.0
STATION_1019,28.64930788,77.30414115,1.0
STATION_1020,28.64931494,77.02805869,1.0
STATION_1021,28.64970067,77.16280885,1.0
STATION_1022,28.64974745,77.16284942,1.0
STATION_1023,28.65,77.15,4.0
STATION_1024,28.65001843,77.04865839,1.0
STATION_1025,28.65002049,77.04547226,2.0
STATION_1026,28.65067809,77.16448423,1.0
STATION_1027,28.65106852,77.27656804,1.0
STATION_1028,28.65116,77.1586,3.0
STATION_1029,28.65146367,77.3057498,1.0
STATION_1030,28.65149162,77.30569348,1.0
STATION_1031,28.65171111,77.09259935,1.0
STATION_1032,28.65196502,77.27796212,1.0
STATION_1033,28.65218127,77.1271586,1.0
STATION_1034,28.6522563,77.13092443,1.0
STATION_1035,28.65235722,77.12702483,1.0
STATION_1036,28.65244283,77.13099517,1.0
STATION_1037,28.6526901,77.1104471,1.0
STATION_1038,28.65286,77.307647,1.0
STATION_1039,28.65326959,77.13352818,1.0
STATION_1040,28.65327988,77.18785666,1.0
STATION_1041,28.653289,77.307345,1.0
STATION_1042,28.65336697,77.18769606,2.0
STATION_1043,28.65337109,77.18774065,1.0
STATION_1044,28.65338992,77.18776211,1.0
STATION_1045,28.65370003,77.27966432,1.0
STATION_1046,28.65382301,77.2769868,1.0
STATION_1047,28.6538389,77.27700155,1.0
STATION_1048,28.65392216,77.13485721,1.0
STATION_1049,28.65392275,77.13489577,1.0
STATION_1050,28.65392628,77.13487465,1.0
STATION_1051,28.6539425,77.2017582,1.0
STATION_1052,28.6540166,77.27702033,1.0
STATION_1053,28.65416783,77.27410141,1.0
STATION_1054,28.65420784,77.27400754,1.0
STATION_1055,28.6542255,77.13639144,1.0
STATION_1056,28.65441409,77.27352574,1.0
STATION_1057,28.6546218,77.27482125,1.0
STATION_1058,28.65463916,77.2750023,1.0
STATION_1059,28.6546777,77.2008067,1.0
STATION_1060,28.65477538,77.20082548,1.0
STATION_1061,28.65477979,77.29171515,1.0
STATION_1062,28.65479686,77.29174029,1.0
STATION_1063,28.65483952,77.27568794,1.0
STATION_1064,28.65492631,77.27571744,1.0
STATION_1065,28.6553,77.2979,8.0
STATION_1066,28.65632499,77.18608674,1.0
STATION_1067,28.65634117,77.18615178,1.0
STATION_1068,28.65641975,77.13890839,1.0
STATION_1069,28.65690399,77.27568056,1.0
STATION_1070,28.65706286,77.04177786,1.0
STATION_1071,28.6573,77.3024,5.0
STATION_1072,28.65750358,77.06589326,1.0
STATION_1073,28.65774983,77.26613358,1.0
STATION_1074,28.658061,77.065414,6.0
STATION_1075,28.65849417,77.27351937,1.0
STATION_1076,28.65910817,77.05028381,1.0
STATION_1077,28.659159,77.129267,3.0
STATION_1078,28.65932465,77.11187744,1.0
STATION_1079,28.65947415,77.28856321,1.0
STATION_1080,28.65953005,77.28847101,1.0
STATION_1081,28.65957918,77.06287041,1.0
STATION_1082,28.65972452,77.06285197,1.0
STATION_1083,28.6601614,77.28805192,1.0
STATION_1084,28.66016317,77.2880546,1.0
STATION_1085,28.6605745,77.1532531,1.0
STATION_1086,28.66079187,77.08482798,1.0
STATION_1087,28.66122551,77.01076984,1.0
STATION_1088,28.66127082,77.00924601,1.0
STATION_1089,28.66129023,77.009417,1.0
STATION_1090,28.66132642,77.00685784,1.0
STATION_1091,28.66138644,77.08443034,2.0
STATION_1092,28.66147911,77.18326069,1.0
STATION_1093,28.66147911,77.18326975,1.0
STATION_1094,28.66148028,77.18327042,1.0
STATION_1095,28.66148411,77.18327142,1.0
STATION_1096,28.66162885,77.28040025,1.0
STATION_1097,28.66191304,77.08219338,1.0
STATION_1098,28.66192422,77.08202742,1.0
STATION_1099,28.66193,77.061752,2.0
STATION_1100,28.66218311,77.28193078,1.0
STATION_1101,28.66229785,77.28194419,1.0
STATION_1102,28.66237316,77.15186276,1.0
STATION_1103,28.66244082,77.18486734,1.0
STATION_1104,28.66245053,77.15187483,1.0
STATION_1105,28.66245142,77.05540951,1.0
STATION_1106,28.6628674,77.14476194,1.0
STATION_1107,28.66295154,77.25789551,1.0
STATION_1108,28.66296154,77.25792401,1.0
STATION_1109,28.66303568,77.14479949,1.0
STATION_1110,28.66308834,77.1448347,1.0
STATION_1111,28.66350726,77.28541128,1.0
STATION_1112,28.66350962,77.28540089,1.0
STATION_1113,28.66356522,77.17859164,1.0
STATION_1114,28.66361847,77.17865098,1.0
STATION_1115,28.66363023,77.17863925,1.0
STATION_1116,28.66363053,77.17864562,1.0
STATION_1117,28.66379557,77.19697215,1.0
STATION_1118,28.66514029,77.11394202,1.0
STATION_1119,28.66515912,77.25819089,1.0
STATION_1120,28.66542183,77.29421128,1.0
STATION_1121,28.66542653,77.29412109,1.0
STATION_1122,28.66548655,77.29412746,1.0
STATION_1123,28.66591282,77.29410198,1.0
STATION_1124,28.66626201,77.29366343,1.0
STATION_1125,28.66684914,77.19516754,1.0
STATION_1126,28.667181,77.019737,1.0
STATION_1127,28.66730488,77.2077325,1.0
STATION_1128,28.66733341,77.29918107,1.0
STATION_1129,28.66735989,77.29913749,1.0
STATION_1130,28.66736254,77.29915392,1.0
STATION_1131,28.66738048,77.29915995,1.0
STATION_1132,28.66738519,77.2991861,1.0
STATION_1133,28.667867,77.019649,1.0
STATION_1134,28.667874,77.02029,1.0
STATION_1135,28.66792677,77.19373975,1.0
STATION_1136,28.66796736,77.19373673,1.0
STATION_1137,28.66822094,77.17990357,1.0
STATION_1138,28.66828066,77.17970408,1.0
STATION_1139,28.66902757,77.10172959,1.0
STATION_1140,28.66903375,77.18318425,1.0
STATION_1141,28.66904463,77.10174132,1.0
STATION_1142,28.66909409,77.05656433,1.0
STATION_1143,28.66918407,77.29538575,1.0
STATION_1144,28.66956179,77.29855847,1.0
STATION_1145,28.66985066,77.20183767,1.0
STATION_1146,28.66985449,77.07729969,1.0
STATION_1147,28.6701363,77.20261417,1.0
STATION_1148,28.67014307,77.2852309,1.0
STATION_1149,28.67037752,77.25981999,1.0
STATION_1150,28.6703884,77.25992829,1.0
STATION_1151,28.67040105,77.30299216,1.0
STATION_1152,28.67045783,77.30335861,1.0
STATION_1153,28.6704696,77.30312727,1.0
STATION_1154,28.67055873,77.29497671,1.0
STATION_1155,28.67061109,77.17745338,2.0
STATION_1156,28.67062904,77.07906995,1.0
STATION_1157,28.67066,77.021072,3.0
STATION_1158,28.6706711,77.28492446,1.0
STATION_1159,28.67076612,77.16002405,1.0
STATION_1160,28.67080054,77.29472693,1.0
STATION_1161,28.67086202,77.20236305,1.0
STATION_1162,28.67097174,77.1595446,1.0
STATION_1163,28.67097439,77.15954158,1.0
STATION_1164,28.67106058,77.20656037,1.0
STATION_1165,28.67108411,77.20655367,1.0
STATION_1166,28.67118913,77.0582711,1.0
STATION_1167,28.67134945,77.15516221,1.0
STATION_1168,28.67135151,77.19360363,1.0
STATION_1169,28.67140711,77.15529967,1.0
STATION_1170,28.6719166,77.07996715,1.0
STATION_1171,28.672056,77.078453,3.0
STATION_1172,28.67210369,77.15170115,1.0
STATION_1173,28.67220694,77.15187047,1.0
STATION_1174,28.67248434,77.25528337,1.0
STATION_1175,28.67252523,77.05927961,1.0
STATION_1176,28.67255053,77.25483242,1.0
STATION_1177,28.67256847,77.25353759,1.0
STATION_1178,28.6725823,77.20176391,1.0
STATION_1179,28.67299883,77.31265347,1.0
STATION_1180,28.67300442,77.07943205,1.0
STATION_1181,28.67305943,77.31215995,1.0
STATION_1182,28.67309326,77.31251903,1.0
STATION_1183,28.67321063,77.18246542,1.0
STATION_1184,28.67323387,77.15931963,1.0
STATION_1185,28.67328181,77.15934243,1.0
STATION_1186,28.67332153,77.28356492,1.0
STATION_1187,28.67339183,77.20184673,1.0
STATION_1188,28.67342625,77.15937696,1.0
STATION_1189,28.67361598,77.31072631,1.0
STATION_1190,28.67365834,77.31070586,1.0
STATION_1191,28.67390691,77.18631305,1.0
STATION_1192,28.67398192,77.18623426,1.0
STATION_1193,28.67401516,77.18621045,1.0
STATION_1194,28.67401633,77.3107719,1.0
STATION_1195,28.6740484,77.07677096,1.0
STATION_1196,28.67405104,77.30363421,1.0
STATION_1197,28.67405604,77.07673207,1.0
STATION_1198,28.6742,77.143,2.0
STATION_1199,28.67420783,77.17995219,1.0
STATION_1200,28.67529827,77.29089405,1.0
STATION_1201,28.67531798,77.20184237,1.0
STATION_1202,28.6754883,77.2917404,1.0
STATION_1203,28.67566567,77.20210087,1.0
STATION_1204,28.6757679,77.19913483,1.0
STATION_1205,28.67612073,77.29546957,1.0
STATION_1206,28.67633428,77.27951143,1.0
STATION_1207,28.6764843,77.28235424,1.0
STATION_1208,28.6765293,77.29213323,1.0
STATION_1209,28.676536,77.108154,1.0
STATION_1210,28.67668256,77.27983128,1.0
STATION_1211,28.67755736,77.25690007,1.0
STATION_1212,28.6776459,77.25693796,1.0
STATION_1213,28.67774179,77.06399526,1.0
STATION_1214,28.67790446,77.20842015,1.0
STATION_1215,28.67795476,77.32703347,1.0
STATION_1216,28.6782139,77.32714713,1.0
STATION_1217,28.67867395,77.32689768,1.0
STATION_1218,28.67880484,77.1806214,1.0
STATION_1219,28.67880749,77.18077697,1.0
STATION_1220,28.67947902,77.31808964,1.0
STATION_1221,28.67954697,77.31821302,1.0
STATION_1222,28.67997083,77.29829192,1.0
STATION_1223,28.68,77.1,4.0
STATION_1224,28.68007525,77.29800627,1.0
STATION_1225,28.68038939,77.3269359,1.0
STATION_1226,28.68045351,77.27150537,1.0
STATION_1227,28.68055587,77.29271393,1.0
STATION_1228,28.68061588,77.15544552,1.0
STATION_1229,28.68066412,77.08192851,1.0
STATION_1230,28.6807207,77.1553153,2.0
STATION_1231,28.68078442,77.25660134,1.0
STATION_1232,28.68121092,77.07572524,1.0
STATION_1233,28.68124916,77.19366465,1.0
STATION_1234,28.6812521,77.19336022,1.0
STATION_1235,28.68125475,77.07581777,1.0
STATION_1236,28.68152771,77.06255358,1.0
STATION_1237,28.68162625,77.06253346,1.0
STATION_1238,28.6818945,77.07939181,1.0
STATION_1239,28.68196245,77.05489956,1.0
STATION_1240,28.68201539,77.07928419,1.0
STATION_1241,28.68202157,77.04116061,1.0
STATION_1242,28.68202216,77.0792919,1.0
STATION_1243,28.6820398,77.04147745,1.0
STATION_1244,28.68204628,77.079309,1.0
STATION_1245,28.68217952,77.07923993,1.0
STATION_1246,28.68221217,77.07935259,1.0
STATION_1247,28.68227805,77.07927916,1.0
STATION_1248,28.68238306,77.25572661,1.0
STATION_1249,28.68241306,77.04122733,1.0
STATION_1250,28.68242336,77.03304727,1.0
STATION_1251,28.6824463,77.04117369,1.0
STATION_1252,28.68248571,77.03297719,1.0
STATION_1253,28.68250777,77.03241225,1.0
STATION_1254,28.68254837,77.04151802,1.0
STATION_1255,28.68264396,76.96509618,1.0
STATION_1256,28.68326988,77.19737045,1.0
STATION_1257,28.68329723,77.19747372,1.0
STATION_1258,28.68345018,77.1713024,1.0
STATION_1259,28.68345547,77.17126854,1.0
STATION_1260,28.6835546,77.16392197,1.0
STATION_1261,28.68438228,77.16415398,1.0
STATION_1262,28.68440405,77.32729331,1.0
STATION_1263,28.68446905,77.27958653,1.0
STATION_1264,28.68446964,77.32731175,1.0
STATION_1265,28.6844764,77.27970019,1.0
STATION_1266,28.68466671,77.275296,1.0
STATION_1267,28.68467553,77.27531042,1.0
STATION_1268,28.68468259,77.2753007,1.0
STATION_1269,28.68582322,77.31826298,1.0
STATION_1270,28.68587322,77.25486595,1.0
STATION_1271,28.68600146,77.27704782,1.0
STATION_1272,28.68602852,77.27698278,1.0
STATION_1273,28.68603499,77.25489009,1.0
STATION_1274,28.68609175,77.18573134,1.0
STATION_1275,28.68613822,77.3127668,1.0
STATION_1276,28.68622352,77.27716215,1.0
STATION_1277,28.68631499,77.318555,1.0
STATION_1278,28.68654235,77.28646405,1.0
STATION_1279,28.68672794,77.31907569,1.0
STATION_1280,28.68680353,77.25462824,1.0
STATION_1281,28.68683706,77.25466914,1.0
STATION_1282,28.6871303,77.28110097,1.0
STATION_1283,28.6872106,77.27938771,1.0
STATION_1284,28.68724883,77.27939308,1.0
STATION_1285,28.6876606,76.96521118,1.0
STATION_1286,28.68825443,77.31973886,1.0
STATION_1287,28.68826679,77.25439589,1.0
STATION_1288,28.6883462,77.27819111,1.0
STATION_1289,28.68835002,77.2543399,1.0
STATION_1290,28.68838414,77.26978876,1.0
STATION_1291,28.68845179,77.26993326,1.0
STATION_1292,28.6885312,77.25433085,1.0
STATION_1293,28.68856355,77.25421485,1.0
STATION_1294,28.68857649,77.25420915,1.0
STATION_1295,28.68858561,77.31956687,1.0
STATION_1296,28.68858767,77.31956318,1.0
STATION_1297,28.68860238,77.25428659,1.0
STATION_1298,28.68860738,77.31951188,1.0
STATION_1299,28.68903826,77.27026619,1.0
STATION_1300,28.68915002,77.25964431,1.0
STATION_1301,28.68916149,77.25970231,1.0
STATION_1302,28.68967061,77.31408712,1.0
STATION_1303,28.68968267,77.31406599,1.0
STATION_1304,28.68968296,77.30970707,1.0
STATION_1305,28.6898059,77.26990744,1.0
STATION_1306,28.68980884,77.26990744,1.0
STATION_1307,28.68984384,77.30951831,1.0
STATION_1308,28.6904453,77.27010559,2.0
STATION_1309,28.69058883,77.19141897,1.0
STATION_1310,28.69068765,77.19115578,1.0
STATION_1311,28.69070265,77.1907739,1.0
STATION_1312,28.69098765,77.25465171,1.0
STATION_1313,28.69132587,77.31632005,1.0
STATION_1314,28.69134176,77.31631435,1.0
STATION_1315,28.6914,77.1893,2.0
STATION_1316,28.69183939,77.25846346,1.0
STATION_1317,28.69228467,77.26488166,1.0
STATION_1318,28.6922982,77.26480521,1.0
STATION_1319,28.69242643,77.25480124,1.0
STATION_1320,28.69291024,77.2633129,1.0
STATION_1321,28.69293406,77.2633072,1.0
STATION_1322,28.69293435,77.2633072,1.0
STATION_1323,28.69310552,77.10390855,1.0
STATION_1324,28.69362638,77.3053572,1.0
STATION_1325,28.694309,77.25497358,1.0
STATION_1326,28.69449234,77.11891174,1.0
STATION_1327,28.69498013,77.26104174,1.0
STATION_1328,28.69499984,77.2610404,1.0
STATION_1329,28.69501719,77.26106152,1.0
STATION_1330,28.69542805,77.29947176,1.0
STATION_1331,28.69562627,77.32220717,1.0
STATION_1332,28.6962,77.155,2.0
STATION_1333,28.69640239,77.09628705,1.0
STATION_1334,28.6965847,77.2116941,1.0
STATION_1335,28.6971921,77.2166152,1.0
STATION_1336,28.69757289,77.26187591,1.0
STATION_1337,28.69787198,77.05399532,1.0
STATION_1338,28.6979905,77.16025405,1.0
STATION_1339,28.69817225,77.27701765,1.0
STATION_1340,28.69846428,77.26441998,1.0
STATION_1341,28.69857574,77.25594521,1.0
STATION_1342,28.6985878,77.25590732,1.0
STATION_1343,28.69992031,77.25575812,1.0
STATION_1344,28.70018005,77.05477905,1.0
STATION_1345,28.70033527,77.26974215,1.0
STATION_1346,28.70042349,77.26973612,1.0
STATION_1347,28.70070199,77.26410616,1.0
STATION_1348,28.70070405,77.26411354,1.0
STATION_1349,28.70071023,77.26413634,1.0
STATION_1350,28.70082786,77.05595601,1.0
STATION_1351,28.70091638,77.13214986,1.0
STATION_1352,28.70092785,77.16764387,1.0
STATION_1353,28.70095167,77.13211767,1.0
STATION_1354,28.7009587,77.1144953,1.0
STATION_1355,28.70103313,77.10905705,1.0
STATION_1356,28.70112341,77.18369488,1.0
STATION_1357,28.70116782,77.18365263,1.0
STATION_1358,28.70122576,77.32190207,1.0
STATION_1359,28.70132516,77.32207876,1.0
STATION_1360,28.70135809,77.32221488,1.0
STATION_1361,28.70252824,77.02771537,1.0
STATION_1362,28.70262029,77.26525985,1.0
STATION_1363,28.70269528,77.29640499,1.0
STATION_1364,28.70289848,77.19495211,1.0
STATION_1365,28.70290201,77.19546542,1.0
STATION_1366,28.70290554,77.19474524,1.0
STATION_1367,28.70290642,77.19537992,1.0
STATION_1368,28.70303935,77.18242016,1.0
STATION_1369,28.70312492,77.26587676,1.0
STATION_1370,28.70313228,77.26588581,1.0
STATION_1371,28.7031955,77.25624897,2.0
STATION_1372,28.70321903,77.25623019,1.0
STATION_1373,28.70323344,77.18248654,1.0
STATION_1374,28.70327079,77.18259014,1.0
STATION_1375,28.70349958,77.26085264,1.0
STATION_1376,28.70354839,77.26090897,1.0
STATION_1377,28.70358574,77.15747159,1.0
STATION_1378,28.70373572,77.18246944,1.0
STATION_1379,28.70374013,77.2674254,1.0
STATION_1380,28.70374543,77.26743679,1.0
STATION_1381,28.70392393,77.26185076,1.0
STATION_1382,28.70396804,77.25635625,1.0
STATION_1383,28.70398392,77.26166703,1.0
STATION_1384,28.70400745,77.25624494,1.0
STATION_1385,28.70416919,77.30096374,1.0
STATION_1386,28.70433426,77.05381012,1.0
STATION_1387,28.70464618,77.08507843,1.0
STATION_1388,28.704776,77.181167,18.0
STATION_1389,28.70498406,77.05719687,1.0
STATION_1390,28.70503494,77.26406626,1.0
STATION_1391,28.70516227,77.26418126,1.0
STATION_1392,28.705257,77.311554,10.0
STATION_1393,28.70528755,77.19683066,1.0
STATION_1394,28.70529578,77.19689302,1.0
STATION_1395,28.70581658,77.10288629,1.0
STATION_1396,28.70608036,77.0277613,1.0
STATION_1397,28.70612153,77.02778947,1.0
STATION_1398,28.70661909,77.13436671,1.0
STATION_1399,28.7068073,77.26369847,1.0
STATION_1400,28.70688846,77.27598365,1.0
STATION_1401,28.70701461,77.27602322,1.0
STATION_1402,28.70703314,77.27597862,1.0
STATION_1403,28.70707519,77.27607585,1.0
STATION_1404,28.70738455,77.30972618,1.0
STATION_1405,28.70747159,77.0748857,1.0
STATION_1406,28.70762362,77.10388072,1.0
STATION_1407,28.70768744,77.10390218,1.0
STATION_1408,28.70781388,77.07499869,1.0
STATION_1409,28.70792239,77.12513689,2.0
STATION_1410,28.70809177,77.12491125,1.0
STATION_1411,28.70823204,77.15066951,1.0
STATION_1412,28.70830468,77.27657374,1.0
STATION_1413,28.7083135,77.27658212,1.0
STATION_1414,28.708321,77.258086,1.0
STATION_1415,28.70832938,77.2765734,1.0
STATION_1416,28.70849582,77.16154687,1.0
STATION_1417,28.70852963,77.16153011,1.0
STATION_1418,28.70855463,77.07473114,1.0
STATION_1419,28.70935124,77.12508425,1.0
STATION_1420,28.709353,77.08102293,1.0
STATION_1421,28.70947063,77.14181755,1.0
STATION_1422,28.7095262,77.14179408,1.0
STATION_1423,28.70961413,77.14180984,1.0
STATION_1424,28.71025988,77.17675332,1.0
STATION_1425,28.71071302,77.10990898,1.0
STATION_1426,28.7108577,77.06706941,1.0
STATION_1427,28.71087358,77.08468046,1.0
STATION_1428,28.71222946,77.15539254,1.0
STATION_1429,28.71232091,77.25142635,1.0
STATION_1430,28.71237854,77.15516187,1.0
STATION_1431,28.71245205,77.15506028,1.0
STATION_1432,28.71247852,77.28782728,1.0
STATION_1433,28.712543,77.123276,1.0
STATION_1434,28.71254997,77.1292809,1.0
STATION_1435,28.7128008,77.12161046,1.0
STATION_1436,28.71303869,77.28674065,1.0
STATION_1437,28.71306368,77.07987294,1.0
STATION_1438,28.7131125,77.136489,1.0
STATION_1439,28.71316248,77.28986811,1.0
STATION_1440,28.713255,77.140129,1.0
STATION_1441,28.71326216,77.06057176,1.0
STATION_1442,28.71348476,77.27788802,1.0
STATION_1443,28.71367471,77.0598707,1.0
STATION_1444,28.71368824,77.17992906,1.0
STATION_1445,28.71382438,77.1512901,1.0
STATION_1446,28.71412284,77.1309479,1.0
STATION_1447,28.71416312,77.21305937,1.0
STATION_1448,28.71425134,77.25777917,1.0
STATION_1449,28.71425928,77.2577795,1.0
STATION_1450,28.7142975,77.07198992,1.0
STATION_1451,28.71429927,77.07195975,1.0
STATION_1452,28.71448687,77.11733535,1.0
STATION_1453,28.71492117,77.12679986,1.0
STATION_1454,28.71508789,77.28965759,1.0
STATION_1455,28.71510315,77.10803986,1.0
STATION_1456,28.71510696,77.28966522,1.0
STATION_1457,28.71511459,77.28968048,1.0
STATION_1458,28.71529755,77.25789484,1.0
STATION_1459,28.7153002,77.25789316,1.0
STATION_1460,28.71532254,77.27778979,1.0
STATION_1461,28.71580801,77.16421768,1.0
STATION_1462,28.7158527,77.17565395,1.0
STATION_1463,28.71596385,77.16379188,1.0
STATION_1464,28.71602325,77.27795508,1.0
STATION_1465,28.71607088,77.28977557,1.0
STATION_1466,28.71670718,77.28128102,1.0
STATION_1467,28.71722704,77.06110518,1.0
STATION_1468,28.7173326,77.1292514,1.0
STATION_1469,28.71735818,77.09602654,1.0
STATION_1470,28.71754265,77.31545258,1.0
STATION_1471,28.71756935,77.12598419,1.0
STATION_1472,28.71783452,77.31549494,1.0
STATION_1473,28.71819736,77.27984201,1.0
STATION_1474,28.71820324,77.27975316,1.0
STATION_1475,28.71839995,77.12888695,1.0
STATION_1476,28.71860754,77.12950822,1.0
STATION_1477,28.71863077,77.08377857,1.0
STATION_1478,28.7193732,77.17377607,1.0
STATION_1479,28.71966518,77.16107614,1.0
STATION_1480,28.71969032,77.16101837,1.0
STATION_1481,28.72000184,77.28954758,1.0
STATION_1482,28.72007594,77.28983324,1.0
STATION_1483,28.72017032,77.28955396,1.0
STATION_1484,28.72017591,77.28961766,1.0
STATION_1485,28.72020972,77.28130247,1.0
STATION_1486,28.7209051,77.13658523,1.0
STATION_1487,28.72091362,77.13655874,1.0
STATION_1488,28.72094038,77.08018072,1.0
STATION_1489,28.72123558,77.12339278,1.0
STATION_1490,28.72184098,77.09070738,1.0
STATION_1491,28.72184686,77.07882117,1.0
STATION_1492,28.72186362,77.06491694,1.0
STATION_1493,28.72187127,77.06489112,1.0
STATION_1494,28.72247166,77.1045154,1.0
STATION_1495,28.72255252,77.103182,1.0
STATION_1496,28.72266131,77.15295944,1.0
STATION_1497,28.72268689,77.15320386,1.0
STATION_1498,28.72305647,77.08730366,1.0
STATION_1499,28.72309999,77.12872803,1.0
STATION_1500,28.72310587,77.08750281,1.0
STATION_1501,28.72318231,77.12844037,1.0
STATION_1502,28.72320437,77.15070873,1.0
STATION_1503,28.72327375,77.15798624,1.0
STATION_1504,28.72328169,77.15797015,1.0
STATION_1505,28.72330639,77.15071209,1.0
STATION_1506,28.72353955,77.0621318,1.0
STATION_1507,28.72355837,77.06213918,1.0
STATION_1508,28.72357571,77.15756446,1.0
STATION_1509,28.72378241,77.17455324,1.0
STATION_1510,28.72380181,77.28917476,1.0
STATION_1511,28.72380475,77.28917006,1.0
STATION_1512,28.7238121,77.28916973,1.0
STATION_1513,28.72385827,77.08828736,1.0
STATION_1514,28.72387385,77.08824478,1.0
STATION_1515,28.72389708,77.08823137,1.0
STATION_1516,28.72391736,77.08590556,1.0
STATION_1517,28.72437427,77.08879128,1.0
STATION_1518,28.72464124,77.14677695,1.0
STATION_1519,28.72624215,77.09721711,1.0
STATION_1520,28.7264561,77.0834144,1.0
STATION_1521,28.726506,77.1583246,1.0
STATION_1522,28.72685663,77.05165744,1.0
STATION_1523,28.72690749,77.28311464,1.0
STATION_1524,28.72692719,77.28310324,1.0
STATION_1525,28.72709419,77.21198648,1.0
STATION_1526,28.72718063,77.21185405,1.0
STATION_1527,28.72764164,77.20731843,1.0
STATION_1528,28.72764369,77.2072953,1.0
STATION_1529,28.7277319,77.04794493,1.0
STATION_1530,28.72783274,77.17384245,1.0
STATION_1531,28.72808059,77.04708796,1.0
STATION_1532,28.72809353,77.0491774,1.0
STATION_1533,28.7280947,77.04918075,1.0
STATION_1534,28.72813586,77.17408989,1.0
STATION_1535,28.7281732,77.04705644,1.0
STATION_1536,28.72836876,77.0560379,1.0
STATION_1537,28.72838253,77.26232518,1.0
STATION_1538,28.72839282,77.26231545,1.0
STATION_1539,28.72842,77.04717,1.0
STATION_1540,28.72849925,77.26633374,1.0
STATION_1541,28.72850984,77.26633977,1.0
STATION_1542,28.72920369,77.26063605,1.0
STATION_1543,28.72924632,77.26083688,1.0
STATION_1544,28.72930189,77.26024613,1.0
STATION_1545,28.72957913,77.03503713,2.0
STATION_1546,28.72972231,77.08591428,1.0
STATION_1547,28.72983021,77.28758857,1.0
STATION_1548,28.73017831,77.14555822,1.0
STATION_1549,28.73084451,77.13522702,1.0
STATION_1550,28.73093066,77.13526592,1.0
STATION_1551,28.73104679,77.22335033,1.0
STATION_1552,28.73105766,77.22336307,1.0
STATION_1553,28.73105943,77.11741816,1.0
STATION_1554,28.73109206,77.11751137,1.0
STATION_1555,28.73119614,77.03803215,1.0
STATION_1556,28.73119702,77.03803249,1.0
STATION_1557,28.73119731,77.27318645,1.0
STATION_1558,28.73120701,77.27324612,1.0
STATION_1559,28.73121231,77.2732069,1.0
STATION_1560,28.731232,77.16954824,1.0
STATION_1561,28.73158333,77.12964669,1.0
STATION_1562,28.73248943,77.19065253,1.0
STATION_1563,28.73251618,77.19066124,1.0
STATION_1564,28.73284457,77.14133743,1.0
STATION_1565,28.7328725,77.28714567,1.0
STATION_1566,28.73334701,77.02460669,1.0
STATION_1567,28.73340345,77.02463251,1.0
STATION_1568,28.73342315,77.00436741,1.0
STATION_1569,28.73380475,77.12195914,1.0
STATION_1570,28.73381004,77.0224683,1.0
STATION_1571,28.73387119,77.00479019,1.0
STATION_1572,28.73390324,77.12182336,1.0
STATION_1573,28.73392117,77.11167924,1.0
STATION_1574,28.73392441,77.11166516,1.0
STATION_1575,28.73395322,77.02251557,1.0
STATION_1576,28.73396,77.26943,1.0
STATION_1577,28.73472083,77.19277516,1.0
STATION_1578,28.73481196,77.19290189,1.0
STATION_1579,28.73498218,77.01274563,1.0
STATION_1580,28.73518033,77.01378867,1.0
STATION_1581,28.73520738,77.19752535,1.0
STATION_1582,28.73521237,77.19769031,1.0
STATION_1583,28.7353038,77.01373335,1.0
STATION_1584,28.73533996,77.05490727,1.0
STATION_1585,28.7353479,77.00603474,1.0
STATION_1586,28.73536054,77.00604983,1.0
STATION_1587,28.73537701,77.00602267,1.0
STATION_1588,28.73545756,77.19730474,1.0
STATION_1589,28.73550048,77.1974479,1.0
STATION_1590,28.73556398,77.19749048,1.0
STATION_1591,28.73557045,77.19747238,1.0
STATION_1592,28.73581152,77.26285726,1.0
STATION_1593,28.73610903,77.14466672,1.0
STATION_1594,28.73643623,77.14507978,1.0
STATION_1595,28.73649885,77.19063777,1.0
STATION_1596,28.73652884,77.19258975,1.0
STATION_1597,28.73657882,77.1448015,1.0
STATION_1598,28.73660086,77.0619997,1.0
STATION_1599,28.73692278,77.13978611,1.0
STATION_1600,28.73733905,77.19578963,1.0
STATION_1601,28.73782089,77.11032305,1.0
STATION_1602,28.73784323,77.11037435,1.0
STATION_1603,28.73787968,77.11660545,1.0
STATION_1604,28.7378801,77.0899587,1.0
STATION_1605,28.73790291,77.11676672,1.0
STATION_1606,28.73800433,77.11041525,1.0
STATION_1607,28.73813897,77.18463365,1.0
STATION_1608,28.73821541,77.1365403,1.0
STATION_1609,28.73822923,77.13653494,1.0
STATION_1610,28.73828038,77.00668719,1.0
STATION_1611,28.73829802,77.19466042,1.0
STATION_1612,28.73840796,77.04190291,1.0
STATION_1613,28.73847264,77.19763901,1.0
STATION_1614,28.73857994,77.19557606,1.0
STATION_1615,28.73871694,77.19290759,1.0
STATION_1616,28.73885069,77.12000817,1.0
STATION_1617,28.73899033,77.1854648,1.0
STATION_1618,28.739014,77.1493044,1.0
STATION_1619,28.73922287,77.1959452,1.0
STATION_1620,28.73939867,77.18527403,1.0
STATION_1621,28.73953007,77.19757665,1.0
STATION_1622,28.73963532,77.19744287,1.0
STATION_1623,28.73965295,77.19746467,1.0
STATION_1624,28.74109518,77.12138314,1.0
STATION_1625,28.74114193,77.15147685,1.0
STATION_1626,28.74191507,77.10393135,2.0
STATION_1627,28.74213231,77.10401684,1.0
STATION_1628,28.74292308,77.14990307,1.0
STATION_1629,28.74296482,77.1498682,1.0
STATION_1630,28.74309593,77.13004366,1.0
STATION_1631,28.74311651,77.1297818,1.0
STATION_1632,28.74327143,77.1240402,1.0
STATION_1633,28.7433311,77.13150512,1.0
STATION_1634,28.74341077,77.13558242,1.0
STATION_1635,28.74368827,77.12391984,1.0
STATION_1636,28.74374971,77.120612,1.0
STATION_1637,28.7440372,77.12065659,1.0
STATION_1638,28.7440469,77.1430926,1.0
STATION_1639,28.74419829,77.12025661,1.0
STATION_1640,28.74439436,77.14290116,1.0
STATION_1641,28.74472566,77.11429272,1.0
STATION_1642,28.74475888,77.11429305,1.0
STATION_1643,28.74561077,77.09906917,1.0
STATION_1644,28.74595793,77.19670694,1.0
STATION_1645,28.74627982,77.08627872,1.0
STATION_1646,28.74633008,77.08654694,1.0
STATION_1647,28.74714904,77.19631098,1.0
STATION_1648,28.74718784,77.1963197,1.0
STATION_1649,28.74922668,77.18800284,1.0
STATION_1650,28.74923521,77.18799714,1.0
STATION_1651,28.74950534,77.14600112,1.0
STATION_1652,28.74991275,77.08275598,1.0
STATION_1653,28.74991716,77.08276268,1.0
STATION_1654,28.75004944,77.19857845,1.0
STATION_1655,28.75060117,77.17734542,1.0
STATION_1656,28.75221344,77.14922011,1.0
STATION_1657,28.75221374,77.07830016,1.0
STATION_1658,28.75223461,77.07827132,1.0
STATION_1659,28.75227106,77.14923017,1.0
STATION_1660,28.75242714,77.07664356,1.0
STATION_1661,28.75254765,76.97157808,1.0
STATION_1662,28.75405407,77.18651623,1.0
STATION_1663,28.75464929,77.14834001,1.0
STATION_1664,28.75650457,77.14958422,1.0
STATION_1665,28.75765471,77.14918222,1.0
STATION_1666,28.75765471,77.182221,1.0
STATION_1667,28.75770967,77.14921072,1.0
STATION_1668,28.75776316,77.1493217,1.0
STATION_1669,28.75778785,77.14921474,1.0
STATION_1670,28.75818171,77.1846531,1.0
STATION_1671,28.75838599,77.18814064,1.0
STATION_1672,28.75844213,77.19396003,1.0
STATION_1673,28.75851561,77.19388861,1.0
STATION_1674,28.75853971,77.1938685,1.0
STATION_1675,28.75854853,77.19387285,1.0
STATION_1676,28.75855293,77.19410386,1.0
STATION_1677,28.7605629,77.12641144,1.0
STATION_1678,28.76366322,77.14882046,1.0
STATION_1679,28.76486853,77.18347561,1.0
STATION_1680,28.76489086,77.18346454,1.0
STATION_1681,28.76489233,77.18345582,1.0
STATION_1682,28.76492995,77.1835212,1.0
STATION_1683,28.76577845,77.05217779,1.0
STATION_1684,28.76578256,77.05215566,1.0
STATION_1685,28.76718681,77.09160291,1.0
STATION_1686,28.76733171,77.09169108,1.0
STATION_1687,28.76742428,77.16274716,1.0
STATION_1688,28.76891021,77.07462586,1.0
STATION_1689,28.76940807,77.16229688,1.0
STATION_1690,28.76961349,77.09349789,2.0
STATION_1691,28.76963289,77.09340066,1.0
STATION_1692,28.76964083,77.09337451,1.0
STATION_1693,28.76993148,77.11821277,1.0
STATION_1694,28.77064945,77.0497467,1.0
STATION_1695,28.77077318,77.04965215,1.0
STATION_1696,28.77081197,77.17389073,1.0
STATION_1697,28.77166042,77.17971917,1.0
STATION_1698,28.77180149,77.17969067,1.0
STATION_1699,28.77475527,77.17127055,1.0
STATION_1700,28.77505855,77.16590378,1.0
STATION_1701,28.77550554,77.10267004,1.0
STATION_1702,28.78146172,77.13755035,1.0
STATION_1703,28.78262174,77.05987036,1.0
STATION_1704,28.78353856,77.05916058,1.0
STATION_1705,28.78354032,77.05907844,1.0
STATION_1706,28.78398551,77.09661059,1.0
STATION_1707,28.78660044,77.14025315,1.0
STATION_1708,28.78662512,77.14030344,1.0
STATION_1709,28.78768971,77.03875802,1.0
STATION_1710,28.79085049,77.03301877,1.0
STATION_1711,28.79147782,77.03389116,1.0
STATION_1712,28.79268956,77.13957589,1.0
STATION_1713,28.7926999,77.0727241,1.0
STATION_1714,28.79335361,77.03721844,1.0
STATION_1715,28.79336565,77.03709539,1.0
STATION_1716,28.79708862,77.13694766,1.0
STATION_1717,28.79711742,77.04675335,1.0
STATION_1718,28.79717471,77.13688899,1.0
STATION_1719,28.7972276,77.13687424,1.0
STATION_1720,28.79733807,77.04672452,1.0
STATION_1721,28.7981025,77.080616,1.0
STATION_1722,28.80112847,77.13851273,1.0
STATION_1723,28.80152422,77.13773757,1.0
STATION_1724,28.82078723,77.17312228,1.0
STATION_1725,28.82096935,77.17318967,2.0
STATION_1726,28.8216899,77.17019431,1.0
STATION_1727,28.82169314,77.17018928,1.0
STATION_1728,28.82589358,77.08073828,1.0
STATION_1729,28.82702415,77.08035775,1.0
STATION_1730,28.82702856,77.08117817,1.0
STATION_1731,28.82784688,77.08040603,1.0
STATION_1732,28.83126932,77.0941205,1.0
STATION_1733,28.84169632,77.09055651,1.0
STATION_1734,28.84304581,77.08898775,1.0
STATION_1735,28.84367458,77.08979376,1.0
STATION_1736,28.8436784,77.08966568,1.0
STATION_1737,28.8484559,77.0868782,1.0
STATION_1738,28.84929491,77.08764296,1.0
STATION_1739,28.84930166,77.087593,1.0
STATION_1740,28.85144275,77.07009964,1.0
STATION_1741,28.8519734,77.06705298,1.0
STATION_1742,28.85395557,77.08877955,1.0
STATION_1743,28.8569963,77.09193885,1.0
STATION_1744,28.85751223,77.08822902,1.0
STATION_1745,28.85754864,77.10655756,1.0
STATION_1746,28.85788251,77.0932357,1.0
STATION_1747,28.85794476,77.09300436,1.0
STATION_1748,28.85799967,77.09306806,1.0
STATION_1749,28.85839932,77.08806742,1.0
STATION_1750,28.85952278,77.0876329,1.0
STATION_1751,28.85955566,77.08764933,1.0
STATION_1752,28.86154063,77.08622776,1.0
STATION_1753,28.8615559,77.08626531,1.0
